{
  "accuracy": 0.031078610603290677,
  "precision_weighted": 0.0261045248183469,
  "recall_weighted": 0.031078610603290677,
  "f1_weighted": 0.02523304603711508,
  "precision_macro": 0.04705110494753163,
  "recall_macro": 0.23929880079946703,
  "f1_macro": 0.0473693245215003,
  "precision_per_class": {
    "class_0": 0.007932310946589107,
    "class_1": 0.18027210884353742,
    "class_2": 0.0,
    "class_3": 0.0
  },
  "recall_per_class": {
    "class_0": 0.7894736842105263,
    "class_1": 0.16772151898734178,
    "class_2": 0.0,
    "class_3": 0.0
  },
  "f1_per_class": {
    "class_0": 0.015706806282722512,
    "class_1": 0.1737704918032787,
    "class_2": 0.0,
    "class_3": 0.0
  },
  "auc_weighted": 0.5124847881650223,
  "mcc": 0.010249022745096276,
  "g_mean": 0.0,
  "confusion_matrix": [
    [
      15,
      4,
      0,
      0
    ],
    [
      262,
      53,
      0,
      1
    ],
    [
      1050,
      187,
      0,
      2
    ],
    [
      564,
      50,
      0,
      0
    ]
  ],
  "classification_report_text": "              precision    recall  f1-score   support\n\nCritical (0)       0.01      0.79      0.02        19\n   Major (1)       0.18      0.17      0.17       316\n  Medium (2)       0.00      0.00      0.00      1239\n   Minor (3)       0.00      0.00      0.00       614\n\n    accuracy                           0.03      2188\n   macro avg       0.05      0.24      0.05      2188\nweighted avg       0.03      0.03      0.03      2188\n"
}