{
  "precision_weighted": 0.6759331914043443,
  "recall_weighted": 0.3705179282868526,
  "f1_weighted": 0.2878653747207334,
  "f1_per_class": {
    "class_0": 0.39263803680981596,
    "class_1": 0.12025316455696203,
    "class_2": 0.9142857142857143,
    "class_3": 0.4142857142857143
  },
  "auc_weighted": 0.729978155843554,
  "mcc": 0.3049363139114135,
  "confusion_matrix": [
    [
      32,
      1,
      0,
      14
    ],
    [
      60,
      19,
      9,
      206
    ],
    [
      0,
      0,
      48,
      0
    ],
    [
      24,
      2,
      0,
      87
    ]
  ],
  "classification_report_text": "              precision    recall  f1-score   support\n\nCritical (0)       0.28      0.68      0.39        47\n   Major (1)       0.86      0.06      0.12       294\n  Medium (2)       0.84      1.00      0.91        48\n   Minor (3)       0.28      0.77      0.41       113\n\n    accuracy                           0.37       502\n   macro avg       0.57      0.63      0.46       502\nweighted avg       0.68      0.37      0.29       502\n"
}